open,high,low,close,volume,datetime,symbol,SMA_10,SMA_20,SMA_50,%Year,%6Month,%3Month,%1Month,$Volume,adr_percent,atr,str_dev,lower_band,upper_band,lower_channel,upper_channel,sector,industry,%Year_rank,%6Month_rank,%3Month_rank,%1Month_rank,composite_score,sector_rank
6.38,6.435,6.12,6.19,1088420.0,2026-05-22,XERS,6.242,6.2588,6.0021,29.5,-9.5,-7.34,2.31,6530520.0,4.68,0.2863449999999999,0.1784573883974282,5.901885223205143,6.6157147767948565,5.8292825,6.6883175,Health Care,Biotechnology: Pharmaceutical Preparations,150.0,169.0,139.0,71.0,132.25,418.0
11.28,11.28,10.905,11.04,1199363.0,2026-05-22,UNIT,11.052,11.244,10.4016,50.93,88.4,42.64,-7.85,13192993.0,4.18,0.4632600000000001,0.2866026040208216,10.670794791958356,11.817205208041644,10.54911,11.93889,Real Estate,Real Estate Investment Trusts,9.0,2.0,4.0,133.0,37.0,60.0
25.72,26.58,25.0003,25.57,7797676.0,2026-05-22,U,26.405,26.7175,23.9444,4.2,-32.19,39.8,-1.69,202739576.0,5.67,1.4748,0.7119792649254814,25.29354147014904,28.141458529850965,24.5053,28.9297,Technology,Computer Software: Prepackaged Software,27.0,113.0,17.0,83.0,60.0,314.0
33.06,33.45,32.16,32.47,312023.0,2026-05-22,TYRA,34.596,34.3847,35.851,261.18,54.62,-4.16,-13.62,10296759.0,5.84,1.962955,1.2555282752692936,31.87364344946141,36.89575655053859,31.440267500000004,37.3291325,Health Care,Biotechnology: Pharmaceutical Preparations,33.0,32.0,125.0,186.0,94.0,360.0
14.23,14.495,14.115,14.13,1323227.0,2026-05-22,TRVI,14.231,14.2165,13.3172,125.72,32.68,25.27,-1.94,18525178.0,5.61,0.77283,0.5257303191000768,13.165039361799844,15.267960638200154,13.057255,15.375745,Health Care,Biotechnology: Pharmaceutical Preparations,69.0,64.0,44.0,111.0,72.0,319.0
4.69,4.88,4.625,4.64,844033.0,2026-05-22,TLS,4.44,4.405,4.3198,83.4,-15.17,19.59,4.74,4220165.0,5.73,0.2437599999999999,0.1684761423060946,4.068047715387811,4.741952284612189,4.03936,4.77064,Technology,EDP Services,6.0,47.0,33.0,35.0,30.25,179.0
29.36,30.0,28.57,28.81,545471.0,2026-05-22,TILE,28.414,28.1455,27.125,42.48,12.72,-9.63,2.53,15818659.0,4.02,1.11015,0.7432041229844233,26.659091754031152,29.631908245968845,26.480275,29.810725,Consumer Discretionary,Home Furnishings,2.0,3.0,5.0,2.0,3.0,72.0
86.0,86.04,84.17,85.84,1335386.0,2026-05-22,TIGO,82.828,82.664,80.248,135.69,64.86,25.19,2.12,113507810.0,4.1,3.2217100000000003,2.45231877381664,77.75936245236672,87.56863754763329,77.831435,87.496565,Telecommunications,Telecommunications Equipment,9.0,13.0,13.0,20.0,13.75,27.0
7.65,7.8,7.485,7.56,1082639.0,2026-05-22,TDAY,7.473,7.374,7.1198,,71.43,29.23,3.7,8661112.0,4.72,0.3378,0.1931293539791609,6.987741292041678,7.760258707958322,6.8673,7.880699999999999,Consumer Discretionary,Newspapers/Magazines,5.0,1.0,1.0,1.0,2.0,34.0
63.49,65.0827,62.17,62.26,259588.0,2026-05-22,TARS,63.027,62.9725,65.7819,48.06,-19.12,-17.0,1.32,16613632.0,5.63,3.41455,1.7330680886799337,59.50636382264013,66.43863617735987,57.850675,68.094325,Health Care,Biotechnology: Biological Products (No Diagnostic Substances),44.0,62.0,57.0,25.0,47.0,259.0
75.34,75.63,73.11,74.05,574924.0,2026-05-22,SYRE,73.323,72.7668,62.2095,391.05,215.51,70.43,6.29,42544376.0,6.27,4.38951,2.808491014105957,67.1498179717881,78.38378202821191,66.182535,79.351065,Health Care,Biotechnology: Pharmaceutical Preparations,19.0,9.0,10.0,61.0,24.75,182.0
49.38,49.8299,48.17,48.21,526838.0,2026-05-22,SUPN,49.413,49.4835,49.8945,49.95,7.64,-9.55,-3.11,25815062.0,4.15,2.00449,1.4089013076636003,46.6656973846728,52.3013026153272,46.476765,52.490235,Health Care,Biotechnology: Pharmaceutical Preparations,125.0,117.0,146.0,123.0,127.75,412.0
14.0,14.28,13.88,13.97,455000.0,2026-05-22,SSSS,13.451,13.455,12.3184,118.28,55.92,52.34,7.13,6370000.0,4.11,0.5413250000000001,0.3621936091737593,12.730612781652482,14.179387218347518,12.6430125,14.2669875,Finance,Finance: Consumer Services,12.0,15.0,15.0,22.0,16.0,186.0
47.9,48.78,47.5925,48.13,852226.0,2026-05-22,SRRK,48.688,47.8402,47.1437,66.77,26.59,2.36,3.55,40906848.0,4.81,2.23965,1.351633003561323,45.13693399287736,50.543466007122646,44.480725,51.199675000000006,Health Care,Biotechnology: Biological Products (No Diagnostic Substances),42.0,36.0,32.0,27.0,34.25,224.0
14.78,15.5999,14.76,15.51,1740287.0,2026-05-22,SONO,14.835,14.799,14.1184,48.14,-2.76,4.8,5.15,26104305.0,4.55,0.646845,0.2920508247044292,14.214898350591142,15.383101649408855,13.8287325,15.7692675,Consumer Staples,Consumer Electronics/Appliances,2.0,6.0,4.0,5.0,4.25,16.0
38.3,38.51,37.65,37.76,1780863.0,2026-05-22,SKM,38.367,37.7825,34.9864,82.42,91.19,20.14,-0.74,67672794.0,4.1,1.511045,1.0447103602642291,35.69307927947154,39.87192072052846,35.5159325,40.0490675,Telecommunications,Telecommunications Equipment,16.0,9.0,16.0,26.0,16.75,32.0
16.21,16.21,15.71,15.88,206473.0,2026-05-22,SHEN,16.024,16.0098,15.5764,26.23,57.7,18.33,-0.94,3303568.0,5.55,0.83141,0.3167037259016637,15.376392548196671,16.643207451803328,14.762684999999998,17.256915,Telecommunications,Telecommunications Equipment,28.0,15.0,21.0,35.0,24.75,38.0
7.26,7.5,7.0111,7.04,668681.0,2026-05-22,RLMD,7.126,7.288,7.0156,871.17,62.96,65.26,-2.36,4680767.0,6.71,0.4657449999999999,0.3117792741499686,6.664441451700063,7.911558548299937,6.5893825,7.9866175,Health Care,Biotechnology: Pharmaceutical Preparations,5.0,33.0,6.0,115.0,39.75,243.0
2.86,3.28,2.82,3.28,2084748.0,2026-05-22,QNC,2.842,2.8195,2.649,212.38,91.93,-13.46,21.93,6254244.0,7.51,0.20314,0.1400554401506491,2.539389119698702,3.0996108803012983,2.51479,3.12421,,,,,,,,
5.38,5.785,5.379,5.71,34904214.0,2026-05-22,PTON,5.289,5.3345,4.8606,-20.36,-10.64,41.34,10.23,209425284.0,5.66,0.293145,0.1859109860573349,4.96267802788533,5.706321972114671,4.8947825,5.774217500000001,Consumer Discretionary,Recreational Games/Products/Toys,9.0,7.0,2.0,2.0,5.0,151.0
102.01,102.415,98.89,99.19,393915.0,2026-05-22,PTGX,101.476,100.812,101.4415,116.81,17.8,13.5,-0.81,39785415.0,4.13,4.07607,2.153454018670649,96.5050919626587,105.1189080373413,94.697895,106.926105,Health Care,Biotechnology: Pharmaceutical Preparations,76.0,89.0,59.0,109.0,83.25,346.0
350.43,353.0,342.98,343.56,249964.0,2026-05-22,PRAX,339.957,334.59,323.3894,827.79,109.37,0.25,-0.37,86987472.0,6.32,20.38061,10.493731462164805,313.6025370756704,355.57746292432955,304.019085,365.160915,Health Care,Biotechnology: Pharmaceutical Preparations,6.0,23.0,110.0,81.0,55.0,287.0
33.33,34.695,32.94,34.6,273716.0,2026-05-22,PKE,33.708,33.694,31.6244,152.55,83.17,24.91,4.37,9306344.0,4.39,1.435985,0.6163338124917142,32.461332375016575,34.92666762498343,31.540022500000003,35.8479775,Industrials,Military/Government/Technical,4.0,7.0,8.0,13.0,8.0,145.0
30.57,31.0,29.5141,29.68,291071.0,2026-05-22,PHVS,30.326,30.0815,28.6516,91.98,22.64,6.19,3.67,8732130.0,5.39,1.5817450000000002,0.9970180539989408,28.08746389200212,32.07553610799788,27.7088825,32.454117499999995,Health Care,Biotechnology: Pharmaceutical Preparations,93.0,78.0,81.0,57.0,77.25,334.0
11.64,11.97,11.24,11.33,759741.0,2026-05-22,PHAT,11.916,12.0112,11.7753,177.7,-21.1,-2.41,-3.16,9116892.0,7.55,0.857185,0.5659734859885995,10.879253028022802,13.1431469719772,10.7254225,13.2969775,Health Care,Biotechnology: Pharmaceutical Preparations,49.0,194.0,116.0,133.0,123.0,405.0
4.24,4.36,4.2,4.24,1713082.0,2026-05-22,PGEN,4.255,4.218,3.9648,209.49,8.72,6.53,2.66,6852328.0,5.54,0.22744,0.1403979307089857,3.937204138582029,4.498795861417971,3.87684,4.55916,Health Care,Biotechnology: Pharmaceutical Preparations,43.0,125.0,87.0,68.0,80.75,337.0
25.12,26.14,25.1,25.79,403717.0,2026-05-22,NTGR,25.152,25.4245,24.3774,-14.29,6.09,26.98,0.62,10496642.0,4.52,1.12574,0.7192647927608966,23.985970414478206,26.86302958552179,23.73589,27.11311,Utilities,Telecommunications Equipment,43.0,38.0,15.0,32.0,32.0,107.0
17.54,17.85,17.32,17.5,1053788.0,2026-05-22,NRIX,16.3725,16.5208,16.0987,74.3,14.16,9.24,4.92,18968184.0,5.46,0.8726499999999999,0.6352957765358324,15.250208446928337,17.791391553071666,15.211825,17.829775,Health Care,Biotechnology: Pharmaceutical Preparations,106.0,90.0,72.0,69.0,84.25,349.0
6.33,6.39,6.12,6.12,301798.0,2026-05-22,MBI,6.081,6.0135,5.944,38.78,-17.41,0.82,0.66,1810788.0,5.19,0.3020049999999999,0.1969310592701289,5.619637881459742,6.407362118540258,5.5604925,6.4665075,Finance,Property-Casualty Insurers,6.0,56.0,26.0,14.0,25.5,258.0
25.8,26.09,25.49,25.78,405302.0,2026-05-22,MAZE,25.6,25.918,30.172,124.56,-27.52,-43.09,-0.12,10537852.0,5.05,1.274455,0.7494461112609642,24.41910777747807,27.416892222521927,24.0063175,27.8296825,Health Care,Biotechnology: Biological Products (No Diagnostic Substances),24.0,71.0,77.0,36.0,52.0,280.0
79.76,81.15,78.32,78.89,549371.0,2026-05-22,KYMR,81.442,82.4465,83.2357,173.92,22.06,-13.32,-7.09,43949680.0,4.37,3.5312400000000004,2.391095927987416,77.66430814402517,87.22869185597483,77.14964,87.74336,Health Care,Biotechnology: Biological Products (No Diagnostic Substances),14.0,37.0,51.0,54.0,39.0,240.0
23.56,23.91,22.165,22.21,372118.0,2026-05-22,JBIO,23.4145,24.0672,20.2989,206.34,93.47,60.01,-11.09,8558714.0,8.2,1.8853,1.29603593497139,21.47512813005722,26.659271869942778,21.23925,26.89515,Health Care,Biotechnology: Pharmaceutical Preparations,40.0,28.0,18.0,172.0,64.5,310.0
67.18,69.31,66.65,66.82,342496.0,2026-05-22,IRON,67.415,67.457,66.0731,48.09,-26.04,0.94,-2.95,23289728.0,4.62,3.0652,1.3743825407871038,64.70823491842579,70.2057650815742,62.8592,72.0548,Health Care,Biotechnology: Pharmaceutical Preparations,133.0,201.0,104.0,120.0,139.5,432.0
11.09,11.86,11.09,11.62,461705.0,2026-05-22,IMTX,11.05,11.136,10.657,126.07,15.05,13.59,2.38,5078755.0,5.42,0.586285,0.2999192873881128,10.536161425223774,11.735838574776224,10.2565725,12.0154275,Health Care,Biotechnology: Biological Products (No Diagnostic Substances),25.0,46.0,21.0,31.0,30.75,214.0
85.81,87.1593,83.79,83.93,632086.0,2026-05-22,HCC,85.447,86.457,88.6032,79.88,14.86,-7.32,-3.15,53727310.0,4.26,3.5730600000000003,1.857159971002999,82.742680057994,90.171319942006,81.09741,91.81659,Energy,Coal Mining,1.0,2.0,5.0,8.0,4.0,8.0
38.3,38.93,37.8401,38.48,284401.0,2026-05-22,GRDN,36.841,36.8255,36.9468,79.39,39.22,18.66,2.42,10807238.0,4.6,1.63116,0.9955663556094758,34.834367288781046,38.81663271121895,34.37876,39.27224,Consumer Staples,Retail-Drug Stores and Proprietary Stores,1.0,1.0,2.0,2.0,1.5,4.0
18.72,19.79,18.445,18.81,906671.0,2026-05-22,GLUE,18.571,19.008,18.0426,363.3,39.13,-2.08,-4.95,17226749.0,5.51,1.0216,0.6858540584365719,17.636291883126855,20.379708116873143,17.4756,20.5404,Health Care,Biotechnology: Biological Products (No Diagnostic Substances),5.0,27.0,37.0,48.0,29.25,206.0
88.86,90.68,86.145,86.48,469756.0,2026-05-22,DNTH,86.712,86.9405,86.2498,389.14,114.11,63.6,-1.04,41338528.0,5.61,4.71055,2.180732554368752,82.5790348912625,91.3019651087375,79.874675,94.006325,Health Care,Biotechnology: Pharmaceutical Preparations,18.0,16.0,13.0,108.0,38.75,238.0
18.52,19.06,18.18,18.64,3557141.0,2026-05-22,DNLI,18.985,19.1265,19.6695,42.94,8.62,-13.02,-6.19,67585679.0,5.32,0.98963,0.6329319827096467,17.860636034580708,20.392363965419293,17.642055,20.610945,Health Care,Biotechnology: Biological Products (No Diagnostic Substances),48.0,45.0,49.0,45.0,46.75,257.0
143.72,144.6,139.535,144.37,205752.0,2026-05-22,DCO,145.204,142.9415,136.3164,107.88,66.34,14.76,3.56,29216784.0,4.22,5.871125,3.952684996835764,135.03613000632845,150.84686999367153,134.13481249999998,151.7481875,Industrials,Military/Government/Technical,6.0,9.0,11.0,15.0,10.25,186.0
10.76,13.1,9.9,12.96,242357.0,2026-05-22,DAO,12.133,11.855,10.8288,44.32,44.64,26.32,18.36,2908284.0,10.8,1.180275,0.5451750081154301,10.76464998376914,12.94535001623086,10.0845875,13.6254125,Real Estate,Other Consumer Services,5.0,6.0,5.0,5.0,5.25,9.0
21.04,21.63,21.02,21.5,661179.0,2026-05-22,CXW,20.935,20.7135,20.2744,-1.78,28.67,30.54,4.83,13884759.0,4.14,0.836,0.6294464987087068,19.454607002582588,21.97239299741741,19.4595,21.9675,Real Estate,Real Estate Investment Trusts,97.0,22.0,6.0,44.0,42.25,72.0
442.86,442.86,431.13,434.12,545513.0,2026-05-22,CRS,424.291,428.401,416.477,83.82,42.15,10.61,1.55,238389181.0,4.64,19.32528,13.988335704778224,400.4243285904436,456.37767140955646,399.41308,457.38892,Industrials,Steel/Iron Ore,7.0,8.0,7.0,14.0,9.0,169.0
11.7,11.94,11.2901,11.46,640422.0,2026-05-22,CODI,11.854,11.852,10.0174,73.37,115.01,41.48,-0.26,7685064.0,5.57,0.6268849999999999,0.2544881343527482,11.343023731294505,12.360976268705496,10.9116725,12.7923275,Consumer Discretionary,Home Furnishings,1.0,1.0,2.0,4.0,2.0,34.0
60.36,65.37,59.95,65.05,2037675.0,2026-05-22,CENX,60.398,60.2525,59.5047,303.29,148.38,21.57,7.1,128373525.0,6.02,3.495115,2.434702780952517,55.383094438094965,65.12190556190504,55.0098275,65.4951725,Industrials,Aluminum,1.0,1.0,1.0,2.0,1.25,7.0
21.5,22.03,21.11,21.63,522103.0,2026-05-22,CDNA,20.951,21.0975,19.49,23.18,37.25,12.36,1.88,11486266.0,6.48,1.30015,0.5290495449885707,20.03940091002286,22.15559908997714,19.147275,23.047725,Health Care,Medical Specialities,14.0,6.0,16.0,17.0,13.25,121.0
9.69,9.76,9.185,9.28,735114.0,2026-05-22,BVS,10.223,10.2475,9.7314,42.11,42.11,6.42,-8.03,6616026.0,6.22,0.61524,0.4916848048988892,9.264130390202222,11.23086960979778,9.32464,11.17036,Health Care,Medical/Dental Instruments,8.0,6.0,16.0,35.0,16.25,136.0
78.68,81.02,78.08,80.96,645395.0,2026-05-22,BC,77.881,78.6645,76.8032,61.02,36.43,-3.35,2.0,51631600.0,4.13,3.14731,2.1026361273907423,74.45922774521851,82.8697722547815,73.943535,83.38546500000001,Industrials,Industrial Machinery/Components,50.0,49.0,71.0,60.0,57.5,371.0
15.595,15.595,15.06,15.22,994131.0,2026-05-22,AUPH,15.631,15.6255,15.43,90.73,0.53,4.32,-4.76,14911965.0,4.02,0.608605,0.3381096832313797,14.949280633537242,16.30171936646276,14.7125925,16.5384075,Health Care,Biotechnology: Pharmaceutical Preparations,97.0,138.0,94.0,140.0,117.25,397.0
485.0,494.44,475.79,481.68,3830317.0,2026-05-22,APP,483.54,475.0995,448.8366,23.43,-7.52,22.5,7.45,1857703745.0,6.1,27.85607,17.03616755611332,441.0271648877733,509.1718351122266,433.315395,516.883605,Technology,Computer Software: Programming Data Processing,15.0,29.0,11.0,17.0,18.0,119.0
9.06,9.39,9.06,9.24,412163.0,2026-05-22,AMCX,8.578,8.505,7.8966,41.72,14.93,25.89,9.09,3709467.0,5.34,0.43676,0.3082121620606384,7.888575675878724,9.121424324121278,7.84986,9.16014,Telecommunications,Cable & Other Pay Television Services,4.0,3.0,2.0,2.0,2.75,3.0
68.05,69.8776,64.0,65.22,5549360.0,2026-05-22,AFRM,65.876,65.7255,57.4192,28.69,4.29,36.24,2.35,371807120.0,5.79,3.675445,1.50155875150048,62.72238249699904,68.72861750300096,60.2123325,71.23866749999999,Finance,Finance: Consumer Services,22.0,29.0,21.0,29.0,25.25,256.0
92.65,97.145,90.14,95.02,1864741.0,2026-05-22,AEHR,93.0475,92.2462,72.2324,844.53,389.79,142.21,-0.93,175285654.0,12.5,10.707985,7.7805342251639615,76.68513154967208,107.80726845032792,76.1842225,108.3081775,Industrials,Electrical Products,1.0,1.0,1.0,17.0,5.0,83.0
8.97,9.09,8.9,9.04,441429.0,2026-05-22,ABX,9.091,9.213,8.9708,15.01,60.85,3.55,-1.85,3972861.0,4.73,0.4199,0.2041954687883142,8.80460906242337,9.621390937576628,8.58315,9.84285,Finance,Investment Managers,23.0,5.0,21.0,51.0,25.0,254.0
3.22,3.35,3.15,3.23,5328831.0,2026-05-22,ABAT,3.186,3.2162,3.0968,137.5,-7.98,-11.75,-1.52,15986493.0,8.31,0.255625,0.1649631138993652,2.8862737722012697,3.5461262277987307,2.8327625000000003,3.5996375,Basic Materials,Metal Mining,11.0,28.0,17.0,18.0,18.5,51.0
